"","Open","High","Low","Close","Volume"
"2024-01-20",207191,208201,206116,207366,54.65616
"2024-01-21",207366,208356,206303,206637,44.30396
"2024-01-22",206645,207025,197904,198584,206.47526
"2024-01-23",198636,201918,192812,199365,183.90341
"2024-01-231",198636,201918,192812,198567,179.82431
"2024-01-221",206645,207025,197904,198584,206.47526
"2024-01-211",207366,208356,206303,206637,44.30396
"2024-01-201",207191,208201,206116,207366,54.65616
"2024-01-19",205549,209324,199726,207191,181.47078
"2024-01-18",212353,213155,202000,205539,168.26401
"2024-01-17",213626,214049,209326,212336,126.05504
"2024-01-16",208979,215800,207600,213652,137.94138
"2024-01-15",205300,212964,205242,209007,150.28577
"2024-01-14",210652,211688,205268,205301,103.18065
"2024-01-13",210054,212660,208508,210684,111.94968
"2024-01-12",227567,228414,204000,210068,294.27475
"2024-01-11",230580,240018,224459,227582,277.64176
"2024-01-10",227958,235600,218267,230620,263.23157
"2024-01-09",229956,236373,222344,227880,291.17324
"2024-01-08",216437,231408,212850,229928,275.6252
"2024-01-07",216200,218985,214902,216471,90.46687
"2024-01-06",217000,217342,213702,216195,75.99308
"2024-01-05",218245,218763,209395,217000,181.20271
"2024-01-04",212660,221000,211000,218299,149.24194
"2024-01-03",222188,224519,204670,212685,289.39391
"2024-01-02",217733,226020,217669,222202,252.73386
"2024-01-01",209248,217799,208656,217790,92.80522
"2023-12-31",207683,211600,207200,209177,93.60931
"2023-12-30",207070,209767,204563,207703,79.21742
"2023-12-29",208631,211750,204100,207079,155.12642
"2023-12-28",211304,212900,206230,208632,135.87363
"2023-12-27",206301,212637,204750,211317,142.45676
"2023-12-26",215125,215212,202900,206301,197.77316
"2023-12-25",211673,216250,210602,215128,94.68605
"2023-12-24",214920,216283,210504,211765,158.34855
"2023-12-23",215367,215679,212490,214921,71.23633
"2023-12-22",215865,218100,212673,215383,135.17365
"2023-12-21",216149,217932,213189,215869,164.35598
"2023-12-20",207386,217900,207116,216146,176.30998
"2023-12-19",210458,214500,204500,207363,158.68704
"2023-12-18",206586,210834,202259,210422,160.56863
"2023-12-17",210353,211498,206111,206580,82.77276
"2023-12-16",208787,212746,207251,210353,75.87324
"2023-12-15",212407,212904,207354,208774,130.32241
"2023-12-14",212555,214792,205500,212416,186.27822
"2023-12-13",207366,215500,203281,212551,195.50023
"2023-12-12",205457,209550,203395,207407,151.42341
"2023-12-11",218011,218080,199665,205507,281.65778
"2023-12-10",217473,219029,216775,218000,72.85089
"2023-12-09",219091,220109,216695,217484,83.94957
"2023-12-08",213633,221878,212616,219060,159.62489
"2023-12-07",216007,217702,211478,213654,177.27689
"2023-12-06",218997,219948,215200,216041,193.43691
"2023-12-05",208861,220848,205733,218915,338.45336
"2023-12-04",197240,210849,197239,208898,353.94446
"2023-12-03",194244,198100,193322,197213,141.48904
"2023-12-02",190375,195450,190049,194255,119.9622
"2023-12-01",186677,191615,186038,190375,231.0412
"2023-11-30",186430,187768,184815,186618,141.92989
"2023-11-29",185203,188280,184534,186435,146.18039
"2023-11-28",183674,187969,181802,185204,135.54849
"2023-11-27",185292,185814,180549,183620,151.98543
"2023-11-26",186612,186777,183797,185286,74.42913
"2023-11-25",186117,186971,185533,186600,49.81586
"2023-11-24",184207,189157,183861,186117,196.37269
"2023-11-23",184128,185250,181627,184193,120.56115
"2023-11-22",176176,185900,175514,184111,242.00573
"2023-11-21",183130,184780,176176,176277,216.01871
"2023-11-20",184420,185040,180193,183130,186.13956
"2023-11-19",180939,185000,179851,184341,107.25007
"2023-11-18",180761,182037,178500,180911,97.16342
"2023-11-17",177605,181222,176715,180743,177.66644
"2023-11-16",185493,185822,174204,177656,235.6814
"2023-11-15",174727,185976,173920,185471,249.13142
"2023-11-14",180629,181777,170610,174728,251.3473
"2023-11-13",183870,185646,180068,180629,204.77685
"2023-11-12",184038,184796,182215,183881,89.25657
"2023-11-11",184524,184949,182150,184027,109.00673
"2023-11-10",182520,185395,180501,184424,208.24832
"2023-11-09",176130,186785,175800,182579,383.05957
"2023-11-08",173518,178375,172300,176103,216.01302
"2023-11-07",172471,175773,169473,173536,182.896
"2023-11-06",173322,174379,171616,172470,161.5656
"2023-11-05",173542,175000,170793,173326,101.1394
"2023-11-04",171530,174444,171250,173524,83.44154
"2023-11-03",174522,174537,169015,171559,239.31421
"2023-11-02",176862,179500,171460,174513,186.2569
"2023-11-01",175081,177705,171955,176826,280.36261
"2023-10-31",174617,175515,172452,175093,235.79032
"2023-10-30",173896,175550,172294,174585,214.6862
"2023-10-29",172050,175000,171300,173873,110.19376
"2023-10-28",171124,173726,170859,172068,81.81107
"2023-10-27",171613,172000,167508,171125,158.54517
"2023-10-26",173862,175387,169708,171612,202.90499
"2023-10-25",170437,176712,169139,173864,302.71908
"2023-10-24",166760,177309,165630,170488,629.09698
"2023-10-23",152134,175000,151703,166654,520.89726
"2023-10-22",151667,153250,150470,152131,82.97139
"2023-10-21",150395,153639,149450,151661,141.72315
"2023-10-20",145609,152500,145372,150397,307.82218
"2023-10-19",144032,146413,143148,145639,161.41373
"2023-10-18",143758,146350,143076,144032,152.14944
"2023-10-17",144010,144602,141949,143769,174.31238
"2023-10-16",139127,151000,138850,143983,453.13446
"2023-10-15",137523,139948,137375,139148,64.41472
"2023-10-14",137477,138274,137324,137524,77.7163
"2023-10-13",136231,138764,136190,137477,152.46373
"2023-10-12",136588,137131,135101,136232,106.87288
"2023-10-11",139116,139551,135072,136591,192.0882
"2023-10-10",142536,143099,138800,139116,192.59484
"2023-10-09",145070,145337,141850,142476,186.69304
"2023-10-08",145106,145827,144165,145072,71.68323
"2023-10-07",144600,145255,144199,145091,55.00197
"2023-10-06",142117,146399,142001,144594,204.61157
"2023-10-05",143328,145620,142080,142115,201.78257
"2023-10-04",141410,143753,140385,143342,166.27364
"2023-10-03",139372,141796,138744,141434,139.2439
"2023-10-02",140925,145045,138146,139384,216.97204
"2023-10-01",135769,141035,135754,140926,101.5273
"2023-09-30",135540,136800,135500,135783,96.47514
"2023-09-29",136360,136789,134410,135561,140.36558
"2023-09-28",133088,138025,132818,136338,351.38265
"2023-09-27",130913,134572,130800,133080,129.41899
"2023-09-26",131175,131453,130235,130914,104.62374
"2023-09-25",130425,131831,129177,131163,134.16602
"2023-09-24",131936,132553,129909,130480,81.12496
"2023-09-23",131992,132326,131706,131936,46.63741
"2023-09-22",131828,132396,131277,131978,113.82136
"2023-09-21",132956,133003,130601,131828,112.11937
"2023-09-20",133259,134042,131301,132951,110.79301
"2023-09-19",130800,134300,130395,133233,145.37407
"2023-09-18",130039,134042,129433,130866,190.80972
"2023-09-17",130265,130709,129500,130044,37.28575
"2023-09-16",130196,130860,129419,130250,59.90729
"2023-09-15",130210,131377,128354,130132,117.11036
"2023-09-14",129818,131518,129200,130206,95.71692
"2023-09-13",128519,130499,128032,129810,99.31619
"2023-09-12",124687,131770,124416,128497,193.65535
"2023-09-11",129534,129958,123554,124695,193.5671
"2023-09-10",130010,130300,128646,129543,59.32152
"2023-09-09",129787,130211,129291,130008,42.84108
"2023-09-08",131350,132136,128544,129786,152.3535
"2023-09-07",128569,132185,128231,131307,111.52333
"2023-09-06",128574,129998,127000,128527,99.11673
"2023-09-05",128086,129319,127000,128574,139.57641
"2023-09-04",129585,130037,127220,128078,100.38884
"2023-09-03",128830,130396,128647,129581,38.97284
"2023-09-02",128266,129571,128146,128818,58.57083
"2023-09-01",129234,130021,125840,128277,179.29
"2023-08-31",133899,135079,128128,129220,186.08098
"2023-08-30",135354,135654,132205,133900,147.93432
"2023-08-29",127980,137683,126960,135390,253.44532
"2023-08-28",128245,129107,127024,127952,111.49861
"2023-08-27",127873,128800,127703,128250,38.38406
"2023-08-26",127709,128181,127353,127872,53.80434
"2023-08-25",128350,128673,126537,127700,151.68321
"2023-08-24",129496,130075,127000,128336,154.44195
"2023-08-23",129309,130803,127814,129514,174.16333
"2023-08-22",130709,130769,126387,129299,202.3507
"2023-08-21",131854,131856,129816,130708,183.50478
"2023-08-20",131254,132365,130777,131856,71.04028
"2023-08-19",130755,132117,129581,131247,102.6208
"2023-08-18",134401,135332,128410,130751,358.50157
"2023-08-17",143931,144175,128982,134400,341.1953
"2023-08-16",146065,146383,143901,143934,153.62961
"2023-08-15",146136,147165,145700,146062,160.22925
"2023-08-14",144852,147575,142779,146117,175.6385
"2023-08-13",145087,145558,144506,144853,30.30391
"2023-08-12",144759,145310,144517,145089,47.46394
"2023-08-11",144476,145232,143700,144765,118.13285
"2023-08-10",145781,146081,143084,144487,145.49317
"2023-08-09",146311,147856,144926,145769,167.12164
"2023-08-08",143370,148000,142813,146257,239.10601
"2023-08-07",142628,144000,141500,143362,137.39378
"2023-08-06",142572,143163,142394,142610,33.59596
"2023-08-05",142850,143028,142388,142581,61.95273
"2023-08-04",143806,144075,141051,142850,149.1319
"2023-08-03",141165,144350,140121,143807,113.30463
"2023-08-02",142808,144499,140011,141192,159.24348
"2023-08-01",139252,142856,137133,142812,166.61434
"2023-07-31",140049,141142,138621,139253,127.28715
"2023-07-30",140169,140776,139000,140033,48.38192
"2023-07-29",140027,140450,139629,140166,45.67795
"2023-07-28",139432,140707,138574,140046,104.85507
"2023-07-27",140114,140879,138491,139471,108.41787
"2023-07-26",139764,141465,139056,140109,129.52154
"2023-07-25",139280,140243,138501,139764,96.43178
"2023-07-24",145155,145245,137742,139294,254.65606
"2023-07-23",143785,146165,143501,145155,47.24429
"2023-07-22",143953,144440,143064,143798,57.99396
"2023-07-21",143713,144390,142857,143955,94.51937
"2023-07-20",144266,146496,142930,143713,110.24864
"2023-07-19",144155,145800,143455,144288,127.42068
"2023-07-18",145706,146180,143008,144139,121.20778
"2023-07-17",146107,147582,143757,145706,148.01465
"2023-07-16",146569,147410,145645,146155,41.63157
"2023-07-15",146640,146989,146228,146529,44.99073
"2023-07-14",151005,151509,144290,146660,238.72032
"2023-07-13",147456,152711,146900,151000,263.7834
"2023-07-12",149622,150686,146555,147520,184.61055
"2023-07-11",148743,151432,148398,149607,167.54697
"2023-07-10",148425,151634,147310,148729,232.58791
"2023-07-09",148997,149700,147902,148401,63.78919
"2023-07-08",148877,149150,147690,148990,67.83203
"2023-07-07",147325,149800,146699,148810,223.66816
"2023-07-06",148297,152366,147071,147362,327.90128
"2023-07-05",149757,150106,147350,148307,162.87573
"2023-07-04",149838,150682,148600,149736,121.23578
"2023-07-03",147824,151256,146606,149777,192.24244
"2023-07-02",147482,148587,145602,147817,80.93371
"2023-07-01",146933,147807,146173,147513,66.55977
"2023-06-30",148442,151500,143581,146889,302.6658
"2023-06-29",146921,150564,146734,148469,193.06702
"2023-06-28",148223,148500,145695,146986,181.92839
"2023-06-27",145299,149149,144700,148280,175.76125
"2023-06-26",146766,147165,143657,145300,150.25022
"2023-06-25",146606,148835,145925,146776,68.00419
"2023-06-24",147807,148367,145828,146578,86.05441
"2023-06-23",142896,150734,142364,147804,280.85673
"2023-06-22",143149,145260,141805,142923,256.19077
"2023-06-21",136089,147089,135850,143101,464.12957
"2023-06-20",128960,136510,128369,136088,228.07618
"2023-06-19",128151,129879,126400,128942,171.07964
"2023-06-18",129098,129888,127880,128150,67.63829
"2023-06-17",127905,129700,127162,129122,89.60131
"2023-06-16",123840,128482,122122,127900,160.57565
"2023-06-15",122210,124587,120347,123909,173.96801
"2023-06-14",126870,127490,120263,122235,204.93188
"2023-06-13",126675,129020,125723,126856,168.00694
"2023-06-12",128309,128952,125916,126620,173.08164
"2023-06-11",127667,129609,126857,128300,100.8875
"2023-06-10",130444,130622,125347,127721,225.82324
"2023-06-09",131700,132528,129364,130411,121.66241
"2023-06-08",130785,133090,130043,131700,95.28526
"2023-06-07",134491,135150,129525,130773,233.44526
"2023-06-06",128291,135122,125943,134490,279.8269
"2023-06-05",136001,136127,126151,128289,321.41926
"2023-06-04",135540,137581,134925,136104,44.23482
"2023-06-03",135986,136717,134846,135592,64.77661
"2023-06-02",135310,137188,133873,135964,178.7683
"2023-06-01",138317,139000,134558,135329,196.73557
"2023-05-31",140407,140771,136736,138306,221.3843
"2023-05-30",140097,142231,139303,140418,169.37535
"2023-05-29",140992,142850,138601,140114,138.42997
"2023-05-28",135194,142000,134754,140964,130.31041
"2023-05-27",134264,135380,133650,135183,93.57748
"2023-05-26",133289,135315,132494,134249,231.87915
"2023-05-25",131401,134300,129268,133289,254.03572
"2023-05-24",136044,136125,130174,131401,251.08436
"2023-05-23",134238,137210,134001,136061,174.36362
"2023-05-22",134305,135305,133406,134215,157.70197
"2023-05-21",135705,136258,134100,134285,91.19201
"2023-05-20",134760,136200,134503,135688,76.70453
"2023-05-19",134001,135940,133631,134762,162.61941
"2023-05-18",136095,137054,132010,134001,148.11607
"2023-05-17",134585,136777,132408,136047,151.16749
"2023-05-16",134013,134949,132672,134615,144.92019
"2023-05-15",134030,136943,133155,134071,142.04894
"2023-05-14",132829,135136,131915,134033,74.19631
"2023-05-13",133315,134463,132719,132823,86.64364
"2023-05-12",134282,134712,128242,133333,231.69916
"2023-05-11",137541,137999,133111,134318,222.6455
"2023-05-10",138568,141300,134000,137529,226.64831
"2023-05-09",139621,140076,137301,138576,218.38643
"2023-05-08",142604,143709,137200,139669,274.35017
"2023-05-07",144699,145900,142500,142662,70.2544
"2023-05-06",147009,148156,142066,144613,156.08845
"2023-05-05",144316,147890,144229,147067,233.56534
"2023-05-04",145767,147200,144000,144316,190.72486
"2023-05-03",145274,146836,141700,145739,235.75372
"2023-05-02",141836,146409,140680,145254,215.39897
"2023-05-01",147147,147498,140000,141835,183.72521
"2023-04-30",147002,150000,146453,146945,94.34255
"2023-04-29",147536,148200,146000,147065,59.62881
"2023-04-28",147610,149002,145500,147578,212.54743
"2023-04-27",144569,149701,144434,147637,281.60723
"2023-04-26",143966,152262,139417,144558,419.2564
"2023-04-25",139677,144341,138207,143986,177.53248
"2023-04-24",141014,142999,137311,139666,207.88826
"2023-04-23",142659,142659,140300,141043,75.99844
"2023-04-22",139637,142959,138783,142601,115.90143
"2023-04-21",143561,144675,139062,139616,177.97959
"2023-04-20",147598,148957,142314,143562,267.12195
"2023-04-19",152109,152137,146117,147618,326.4149
"2023-04-18",146486,152549,145313,152120,278.09451
"2023-04-17",151076,151127,145836,146485,305.25875
"2023-04-16",151251,152000,150519,151031,97.80164
"2023-04-15",150762,151800,149808,151250,117.45339
"2023-04-14",150524,153099,149164,150764,259.24693
"2023-04-13",148172,151305,148118,150546,186.19313
"2023-04-12",151952,152547,147300,148172,251.78072
"2023-04-11",150520,154192,150400,151952,314.75834
"2023-04-10",144156,151493,143511,150474,288.57395
"2023-04-09",142328,145344,141800,144128,85.10303
"2023-04-08",142212,143352,141918,142371,64.13027
"2023-04-07",142721,143110,141579,142226,75.1333
"2023-04-06",142673,143700,141250,142718,167.29477
"2023-04-05",143777,146509,141272,142688,209.46076
"2023-04-04",141974,144760,141251,143770,172.05944
"2023-04-03",144519,145602,139299,141930,270.5837
"2023-04-02",145565,145875,143106,144535,80.36272
"2023-04-01",145500,147068,144432,145557,76.397
"2023-03-31",144392,146436,142039,145504,211.84851
"2023-03-30",146495,150158,142649,144392,313.5583
"2023-03-29",141986,148700,141832,146494,270.12956
"2023-03-28",142770,143164,139174,141901,427.43324
"2023-03-27",148078,148582,140401,142765,291.02643
"2023-03-26",145646,149219,145410,148073,123.38205
"2023-03-25",145450,147099,144350,145650,161.45364
"2023-03-24",150113,150735,143225,145421,333.30282
"2023-03-23",144408,152559,143773,150091,414.65021
"2023-03-22",148601,153000,140597,144397,509.92834
"2023-03-21",146782,150132,144915,148637,478.42076
"2023-03-20",148228,150224,143619,146884,707.58692
"2023-03-19",142082,150000,141812,148228,414.64322
"2023-03-18",145357,146800,140694,142073,426.77992
"2023-03-17",131816,147323,131341,145349,748.6488
"2023-03-16",128917,133127,128291,131726,471.23206
"2023-03-15",130387,133283,127306,128928,616.75128
"2023-03-14",126069,137936,125480,130360,957.09376
"2023-03-13",113845,128100,112200,126155,963.46766
"2023-03-12",104650,114117,103959,113788,450.2428
"2023-03-11",105733,108955,103530,104662,485.20985
"2023-03-10",105850,106212,101777,105701,666.58322
"2023-03-09",112387,112887,104322,105816,616.25092
"2023-03-08",116019,116459,112300,112406,445.72515
"2023-03-07",116246,117241,114575,115986,367.43152
"2023-03-06",117345,117800,116051,116238,261.00327
"2023-03-05",117016,118466,116160,117373,176.19054
"2023-03-04",117149,117450,115950,116994,121.83919
"2023-03-03",122539,122667,115400,117155,482.85497
"2023-03-02",123170,123997,121515,122582,308.26937
"2023-03-01",121200,125200,120611,123233,431.77732
"2023-02-28",122600,123650,120901,121209,366.10747
"2023-02-27",122979,124750,120738,122647,367.93568
"2023-02-26",120962,123400,120464,122975,136.79739
"2023-02-25",121178,121195,118851,120950,161.3855
"2023-02-24",123571,124538,119766,121182,324.59629
"2023-02-23",125490,127404,122537,123539,376.53985
"2023-02-22",127473,127610,123004,125434,331.16139
"2023-02-21",129090,131000,125901,127515,284.80267
"2023-02-20",126868,130468,124860,129100,268.14773
"2023-02-19",128191,130868,126559,126872,240.16603
"2023-02-18",127750,129218,126946,128191,179.04255
"2023-02-17",122838,129846,122011,127779,529.51234
"2023-02-16",126298,131933,122808,122832,828.10452
"2023-02-15",115705,126701,115000,126306,703.78451
"2023-02-14",113310,116376,112127,115739,417.04811
"2023-02-13",114925,115189,111325,113349,382.75501
"2023-02-12",115007,116100,113903,114920,201.4002
"2023-02-11",113480,115280,113408,115053,149.86629
"2023-02-10",115581,116361,112861,113533,406.93916
"2023-02-09",119875,120088,115164,115581,551.73111
"2023-02-08",120879,121494,118888,119876,417.3512
"2023-02-07",118041,121121,117933,120885,429.71505
"2023-02-06",119192,120598,117400,118034,385.89258
"2023-02-05",120490,121030,118200,119165,226.9645
"2023-02-04",120587,121400,119876,120526,156.65955
"2023-02-03",119438,121708,118577,120569,450.46647
"2023-02-02",120652,122846,118313,119386,483.33159
"2023-02-01",118082,120944,116904,120646,349.93928
"2023-01-31",117321,118865,116579,118082,260.7204
"2023-01-30",121666,121894,115932,117346,348.43442
"2023-01-29",118247,122562,118050,121650,272.2697
"2023-01-28",118580,119070,117588,118250,110.51759
"2023-01-27",117491,120435,115449,118526,298.44909
"2023-01-26",118019,119160,116994,117481,282.74078
"2023-01-25",117247,121400,114877,117936,389.44767
"2023-01-24",119592,120670,116631,117235,321.39584
"2023-01-23",118703,120689,117718,119526,306.41518
"2023-01-22",118890,120275,116631,118726,250.2995
"2023-01-21",118147,121909,116796,118890,397.36649
"2023-01-20",109652,118312,108617,118147,446.19821
"2023-01-19",107359,110020,107300,109652,291.57245
"2023-01-18",108876,110436,105522,107326,437.58653
"2023-01-17",109542,111227,108041,108868,376.47754
"2023-01-16",107221,111000,106252,109551,400.38625
"2023-01-15",107531,108225,105426,107246,219.09668
"2023-01-14",102329,108880,102124,107470,585.48291
"2023-01-13",97424,102683,96740,102329,550.47087
"2023-01-12",93441,98036,93246,97429,783.43057
"2023-01-11",91432,93694,90738,93440,419.07025
"2023-01-10",90831,91791,90625,91444,365.86655
"2023-01-09",91121,92500,90650,90801,488.31589
"2023-01-08",89729,91300,89500,91121,190.34701
"2023-01-07",89502,89990,89427,89728,127.71555
"2023-01-06",90583,90724,88810,89484,356.59743
"2023-01-05",91371,91488,90525,90572,398.45584
"2023-01-04",90302,92890,89851,91362,534.86044
"2023-01-03",88665,90433,88495,90298,341.17615
"2023-01-02",88181,89402,87922,88655,272.77675
"2023-01-01",88082,88390,87795,88170,79.59636
"2022-12-31",88724,88804,87789,88087,187.95651
"2022-12-30",88387,88907,87200,88747,317.29528
"2022-12-29",87799,88671,87028,88385,345.73396
"2022-12-28",88535,88840,87650,87800,339.31111
"2022-12-27",88488,89355,88002,88531,325.17705
"2022-12-26",87235,88681,87200,88480,215.94343
"2022-12-25",87215,87343,86713,87258,88.78726
"2022-12-24",86952,87394,86854,87190,99.66639
"2022-12-23",87839,88667,86750,86951,501.12341
"2022-12-22",88135,88440,86706,87865,404.31068
"2022-12-21",88649,88766,87514,88132,364.48448
"2022-12-20",87451,89708,87195,88649,506.98673
"2022-12-19",88737,89200,86619,87476,327.32972
"2022-12-18",88933,89291,88178,88744,106.6558
"2022-12-17",88563,89035,88001,88889,180.42438
"2022-12-16",92156,92659,88013,88566,501.65796
"2022-12-15",93538,93759,91835,92153,346.06531
"2022-12-14",93179,97195,92892,93534,597.33228
"2022-12-13",90353,93942,89621,93172,666.52712
"2022-12-12",89608,90664,88716,90353,614.05441
"2022-12-11",89757,90343,89549,89623,124.62611
"2022-12-10",90045,90225,89115,89746,322.91061
"2022-12-09",90268,91001,89793,90024,361.88633
"2022-12-08",88376,90590,87736,90268,525.85212
"2022-12-07",89923,90137,88005,88375,582.76017
"2022-12-06",89431,90118,89200,89932,294.15036
"2022-12-05",89459,90700,89193,89391,316.54709
"2022-12-04",88582,89959,87500,89480,651.18072
"2022-12-03",89236,89579,88231,88607,385.32384
"2022-12-02",88567,89777,88004,89226,413.70838
"2022-12-01",90052,90435,88230,88555,502.17666
"2022-11-30",87597,90543,87505,90053,678.90555
"2022-11-29",87282,88900,86705,87597,680.59273
"2022-11-28",88477,88800,86206,87310,377.6869
"2022-11-27",88712,89321,88400,88506,126.57821
"2022-11-26",89305,90000,88301,88713,403.95543
"2022-11-25",89035,89877,87762,89248,473.27039
"2022-11-24",89265,90024,88048,89048,447.77104
"2022-11-23",87342,90000,86930,89278,504.59783
"2022-11-22",84316,87600,83351,87348,550.98654
"2022-11-21",88203,88284,83076,84322,1117.18911
"2022-11-20",90190,90444,87615,88218,191.51377
"2022-11-19",89835,90762,89300,90169,155.75717
"2022-11-18",89849,91450,89110,89845,436.32244
"2022-11-17",89136,90620,87692,89824,552.99928
"2022-11-16",89177,89706,86839,89126,470.07392
"2022-11-15",87987,90304,87678,89200,331.93218
"2022-11-14",85306,90858,83116,87975,566.61449
"2022-11-13",88420,89000,84562,85297,501.23055
"2022-11-12",90461,90859,87838,88469,286.22619
"2022-11-11",94436,94700,87663,90437,1414.58067
"2022-11-10",84187,98500,83523,94423,1733.41386
"2022-11-09",96827,97499,82379,84187,2023.451957
"2022-11-08",106757,107208,90999,96818,1861.64054
"2022-11-07",106762,107996,105023,106712,909.1494
"2022-11-06",108356,108630,106603,106770,149.89026
"2022-11-05",107541,109180,107256,108304,154.30897
"2022-11-04",104245,107899,104135,107542,634.08709
"2022-11-03",104592,105740,103872,104245,446.50362
"2022-11-02",106147,107658,104110,104592,377.17197
"2022-11-01",106962,107926,104962,106143,503.33233
"2022-10-31",110459,111800,105806,106941,801.7731
"2022-10-30",110464,110899,108929,110459,173.33767
"2022-10-29",109420,111610,109200,110390,248.48069
"2022-10-28",107984,110866,106632,109423,484.75222
"2022-10-27",110941,111333,107566,107945,579.29577
"2022-10-26",105949,111500,105878,110942,723.30513
"2022-10-25",102140,108050,101752,105904,738.2608
"2022-10-24",101700,102774,1e+05,102140,470.77949
"2022-10-23",100102,102200,99529,101648,168.49976
"2022-10-22",99698,100233,99585,100100,89.0731
"2022-10-21",100181,100585,99033,99675,427.41616
"2022-10-20",101523,102175,99919,100157,531.07406
"2022-10-19",101925,102464,101000,101523,367.58922
"2022-10-18",103256,103998,101000,101878,575.76915
"2022-10-17",102160,103670,101454,103212,614.98572
"2022-10-16",101702,102956,101587,102131,162.81029
"2022-10-15",102249,102487,101294,101702,127.04156
"2022-10-14",102115,105000,101837,102249,567.91424
"2022-10-13",101282,103000,96954,102088,707.67125
"2022-10-12",100963,101704,100620,101304,190.71147
"2022-10-11",99875,101241,99000,100910,392.53156
"2022-10-10",101999,102372,99358,99915,427.78627
"2022-10-09",101759,102507,101321,101989,82.81378
"2022-10-08",102305,106924,101000,101759,146.49741
"2022-10-07",104858,105270,101438,102236,488.70186
"2022-10-06",105284,106627,104083,104853,535.35967
"2022-10-05",105837,106315,103800,105252,606.20855
"2022-10-04",101888,106341,101162,105837,617.13169
"2022-10-03",102738,103973,99861,101888,749.251
"2022-10-02",103963,104410,101940,102702,160.89849
"2022-10-01",104726,105005,103368,103964,189.83755
"2022-09-30",105367,108400,103200,104688,1252.16178
"2022-09-29",103934,105555,101782,105319,582.19267
"2022-09-28",101998,105569,99297,103899,642.39429
"2022-09-27",102230,107654,100685,101982,809.83713
"2022-09-26",98311,102555,97770,102229,642.2072
"2022-09-25",98938,100015,97650,98296,208.39133
"2022-09-24",100810,100814,98386,98930,323.92465
"2022-09-23",99841,101719,97092,100827,634.18074
"2022-09-22",96204,100412,95684,99830,456.22012
"2022-09-21",97714,103050,94690,96248,770.64022
"2022-09-20",101735,102169,97282,97692,731.10077
"2022-09-19",102612,103100,96956,101735,650.40847
"2022-09-18",105902,105950,102150,102614,194.95026
"2022-09-17",104343,106336,104186,105900,188.04126
"2022-09-16",103780,104825,102665,104310,645.75133
"2022-09-15",105034,105467,102300,103747,523.10583
"2022-09-14",105037,106943,102261,105034,482.89763
"2022-09-13",114283,116182,103527,105036,869.96193
"2022-09-12",112684,115869,111536,114314,756.99987
"2022-09-11",112034,112905,110471,112656,231.12962
"2022-09-10",110455,112756,109359,112000,269.39
"2022-09-09",100904,111500,100790,110400,1018.50537
"2022-09-08",101236,101670,99439,100895,544.37252
"2022-09-07",98767,102313,97723,101224,344.77406
"2022-09-06",102439,104343,98186,98753,727.9714
"2022-09-05",103948,104147,101961,102509,272.28358
"2022-09-04",103159,104116,101927,103911,129.63147
"2022-09-03",103691,104105,101500,103139,201.73635
"2022-09-02",105352,106206,102633,103691,550.67904
"2022-09-01",103627,105511,102262,105350,599.181
"2022-08-31",101961,105392,101930,103622,501.92537
"2022-08-30",102579,103975,100001,101946,636.47284
"2022-08-29",100045,103715,100042,102579,374.28545
"2022-08-28",102328,103059,99942,100044,156.36017
"2022-08-27",103230,103919,101332,102329,250.60842
"2022-08-26",110843,111649,102572,103259,778.2873
"2022-08-25",109797,111829,109499,110856,445.56785
"2022-08-24",110493,111801,107848,109765,557.90256
"2022-08-23",110947,111500,108500,110497,488.19791
"2022-08-22",112239,112278,108727,110932,673.16204
"2022-08-21",110364,113557,110019,112232,261.90779
"2022-08-20",108573,111548,108379,110384,241.78966
"2022-08-19",120666,120721,108357,108582,751.99445
"2022-08-18",121088,122359,120325,120691,325.36607
"2022-08-17",123136,125900,120258,121049,398.52848
"2022-08-16",123242,123857,121864,123077,352.97408
"2022-08-15",124193,128364,118000,123242,668.62537
"2022-08-14",124810,127340,123307,124165,262.08027
"2022-08-13",124306,126433,123800,124806,287.5919
"2022-08-12",123611,124690,121957,124290,545.27902
"2022-08-11",122438,126591,122168,123600,730.89491
"2022-08-10",119230,123580,117000,122415,784.22382
"2022-08-09",122287,122800,118136,119263,492.75617
"2022-08-08",120372,125000,120278,122316,419.96467
"2022-08-07",119232,121301,118740,120372,130.39156
"2022-08-06",120922,121049,119032,119198,154.70025
"2022-08-05",118608,122900,118400,120920,429.88532
"2022-08-04",121152,123203,117502,118635,498.50025
"2022-08-03",121607,124690,120137,121218,389.79657
"2022-08-02",121021,123260,118000,121651,544.38353
"2022-08-01",121599,122487,118913,121021,654.15541
"2022-07-31",123241,125863,121177,121593,268.58468
"2022-07-30",123875,128273,122626,123233,390.27282
"2022-07-29",124167,126897,121304,123889,746.94002
"2022-07-28",120951,125750,118900,124205,789.06618
"2022-07-27",114535,121941,113317,120951,572.6017
"2022-07-26",115028,115303,111733,114506,436.59809
"2022-07-25",124400,124818,114873,115078,551.35353
"2022-07-24",124020,126545,122824,124406,251.21858
"2022-07-23",125327,126932,120918,123995,242.4386
"2022-07-22",127438,130083,124456,125321,534.45905
"2022-07-21",127442,128436,123150,127469,660.09888
"2022-07-20",127043,132326,124532,127359,1004.65699
"2022-07-19",122031,128990,117675,127047,842.03683
"2022-07-18",112840,122805,112685,122057,639.69518
"2022-07-17",115000,117223,112682,112871,181.46126
"2022-07-16",113126,117034,111327,115056,211.52549
"2022-07-15",111975,114851,110905,113095,471.8409
"2022-07-14",109732,113901,106539,111992,480.38218
"2022-07-13",105643,110000,103285,109753,506.94479
"2022-07-12",107818,108734,105250,105690,388.63603
"2022-07-11",110630,112000,107385,107896,445.64883
"2022-07-10",114498,114508,109556,110564,220.52264
"2022-07-09",114488,116318,113100,114465,308.87681
"2022-07-08",116099,120796,113601,114495,399.44902
"2022-07-07",111624,117465,109617,116080,425.54015
"2022-07-06",108734,112205,106703,111668,327.49131
"2022-07-05",108012,111945,104000,108753,384.70222
"2022-07-04",103204,108652,101825,107911,272.39082
"2022-07-03",102585,104941,100443,103168,115.77452
"2022-07-02",102963,103821,101400,102584,96.73713
"2022-07-01",105267,109882,100050,102957,491.5732
"2022-06-30",104828,105427,98356,105329,420.13092
"2022-06-29",106922,107765,104500,104757,298.24043
"2022-06-28",108519,111062,106620,106942,270.72067
"2022-06-27",110690,113000,107700,108462,259.80243
"2022-06-26",112490,114421,110350,110736,142.14548
"2022-06-25",111339,113284,110000,112633,139.12196
"2022-06-24",110797,112621,108730,111342,323.4487
"2022-06-23",104288,111349,103834,110773,394.5588
"2022-06-22",106729,108100,103037,104217,391.4841
"2022-06-21",106452,112020,105600,106814,453.8537
"2022-06-20",106428,108923,101531,106497,446.32206
"2022-06-19",98425,107609,93013,106455,506.71461
"2022-06-18",105988,107458,91483,98348,964.704468
"2022-06-17",104740,109267,104056,105988,646.59392
"2022-06-16",114951,116757,104000,104747,1004.6541
"2022-06-15",114490,115749,104216,114945,1831.80135
"2022-06-14",116156,120371,107756,114423,1649.048115
"2022-06-13",134373,135590,113535,116146,2242.06024
"2022-06-12",142827,143516,134101,134191,678.94494
"2022-06-11",145767,147200,141599,142744,430.41899
"2022-06-10",148432,149692,144365,145759,679.3864
"2022-06-09",148584,150676,147045,148373,404.5623
"2022-06-08",151762,152606,145468,148584,619.83629
"2022-06-07",151045,153790,141200,151776,862.49944
"2022-06-06",143924,152375,143800,151030,550.01651
"2022-06-05",143793,145310,142186,143888,144.78722
"2022-06-04",142683,144073,141800,143786,151.78276
"2022-06-03",146513,147920,140938,142701,407.56312
"2022-06-02",144433,147706,142174,146530,493.87625
"2022-06-01",151635,152353,141480,144423,575.80344
"2022-05-31",151836,153992,147953,151610,690.26624
"2022-05-30",140448,153745,139768,151834,646.76277
"2022-05-29",138627,141100,137720,140430,155.90465
"2022-05-28",136441,139513,135896,138608,183.87709
"2022-05-27",140569,141379,134793,136371,528.9508
"2022-05-26",143236,144863,136015,140630,572.23396
"2022-05-25",143688,146180,142200,143277,495.11599
"2022-05-24",141301,144604,138262,143656,278.8836
"2022-05-23",148697,150000,140262,141237,553.95669
"2022-05-22",144895,149732,143883,148697,238.45449
"2022-05-21",143378,145797,142204,144908,150.25606
"2022-05-20",150124,152350,140581,143428,663.55304
"2022-05-19",143783,151000,143650,150213,533.6509
"2022-05-18",151124,152387,143461,143787,525.3631
"2022-05-17",151992,156492,146895,151129,501.78928
"2022-05-16",159748,159758,148841,151992,584.42112
"2022-05-15",153762,160280,150669,159811,316.98685
"2022-05-14",149330,154968,146801,153771,431.31178
"2022-05-13",150332,160333,148820,149315,744.12121
"2022-05-12",150751,156507,132500,150308,1886.595001
"2022-05-11",160729,166000,144376,150753,1409.908979
"2022-05-10",156917,169765,155250,160733,1229.956556
"2022-05-09",174451,175446,156669,156918,1229.673429
"2022-05-08",181701,181851,173200,174402,473.75703
"2022-05-07",184079,184770,178480,181684,187.406
"2022-05-06",185000,185441,180610,184034,433.7961
"2022-05-05",195834,197000,180253,185038,592.81812
"2022-05-04",188370,197470,188032,195706,413.42627
"2022-05-03",195564,195873,187696,188385,310.25366
"2022-05-02",192538,197753,192001,195562,325.08062
"2022-05-01",188900,193600,188023,192497,162.47844
"2022-04-30",192828,193792,188604,188927,177.38683
"2022-04-29",197539,198418,190321,192831,366.70142
"2022-04-28",195753,200800,195232,197539,384.0978
"2022-04-27",191704,198159,190678,195832,511.3685
"2022-04-26",198014,200261,189600,191704,543.39425
"2022-04-25",190625,198690,185208,197832,607.66002
"2022-04-24",190544,192908,188490,190649,182.54413
"2022-04-23",191577,193131,189702,190653,168.57778
"2022-04-22",188692,192200,187372,191601,471.06972
"2022-04-21",192743,199999,185715,188692,357.00568
"2022-04-20",194920,205000,190124,192656,413.04862
"2022-04-19",191125,196093,189888,194928,323.29615
"2022-04-18",188300,192281,183228,191145,409.36617
"2022-04-17",191532,192306,187690,188301,117.11895
"2022-04-16",192308,193060,189645,191514,99.45156
"2022-04-15",189292,193481,188520,192320,160.92152
"2022-04-14",194565,196172,187134,189267,296.2396
"2022-04-13",189000,195770,186200,194543,384.42073
"2022-04-12",187441,192407,185156,188910,470.54003
"2022-04-11",200065,201081,185915,187418,498.96877
"2022-04-10",202979,205920,198599,200204,166.81185
"2022-04-09",200332,203045,199860,202899,140.51409
"2022-04-08",208145,210584,199846,200402,417.73682
"2022-04-07",205417,209453,203334,208257,321.79067
"2022-04-06",213301,213557,205000,205417,535.97896
"2022-04-05",216025,219000,212893,213299,403.31978
"2022-04-04",218243,218351,210090,216057,706.57082
"2022-04-03",215516,222764,214170,218224,352.63575
"2022-04-02",217888,221491,214688,215574,444.70166
"2022-04-01",217794,221400,211304,217870,540.36344
"2022-03-31",226425,228525,216300,217795,467.63525
"2022-03-30",227575,229300,223391,226422,403.47156
"2022-03-29",225643,229798,225046,227603,347.65782
"2022-03-28",222942,230946,222223,225602,466.9315
"2022-03-27",213014,223352,212693,222975,255.13419
"2022-03-26",212015,214259,211000,213015,175.85159
"2022-03-25",213085,217520,211250,211896,399.14039
"2022-03-24",208590,215000,206500,213041,494.44786
"2022-03-23",209568,210471,205000,208502,394.96156
"2022-03-22",203940,213812,203258,209573,599.55843
"2022-03-21",208537,209550,203095,203947,393.74335
"2022-03-20",213148,213495,206618,208534,149.03662
"2022-03-19",210661,213868,209012,213178,188.69655
"2022-03-18",206848,212994,203300,210623,357.38994
"2022-03-17",209132,211000,205156,206849,378.89429
"2022-03-16",202185,213841,198888,209150,676.42073
"2022-03-15",202889,204999,195571,202059,429.67512
"2022-03-14",193022,203950,191800,202872,432.95394
"2022-03-13",197558,200141,191776,192820,209.9987
"2022-03-12",197048,201110,196743,197584,318.73212
"2022-03-11",199173,202859,193129,197162,468.6163
"2022-03-10",211516,212000,195717,199173,428.75113
"2022-03-09",197778,215290,197225,211516,390.98368
"2022-03-08",195208,200975,194690,197776,295.99147
"2022-03-07",196731,200900,190277,195375,388.13092
"2022-03-06",201419,203040,195039,196615,166.87038
"2022-03-05",200015,202831,197379,201460,174.35818
"2022-03-04",214966,215403,197149,200001,341.6386
"2022-03-03",225221,225910,211900,214985,304.72465
"2022-03-02",228750,232838,223000,225047,411.1947
"2022-03-01",222697,231794,220334,228742,345.99871
"2022-02-28",196365,227999,195054,222638,380.84784
"2022-02-27",203324,207100,192886,196220,174.33227
"2022-02-26",203725,208888,200400,203300,129.99233
"2022-02-25",197549,205726,196022,203735,303.40354
"2022-02-24",188003,203582,172816,197587,785.248433
"2022-02-23",195244,199712,187360,188141,295.94267
"2022-02-22",190896,196383,187607,195031,305.03609
"2022-02-21",199463,204999,190000,191029,408.03187
"2022-02-20",207997,208266,197275,199340,139.79679
"2022-02-19",207397,209812,205603,207985,77.19132
"2022-02-18",211224,213915,204004,207231,250.81648
"2022-02-17",226519,228090,209189,211547,243.29617
"2022-02-16",230861,231105,225101,226614,142.63456
"2022-02-15",223195,232788,222785,230793,205.11078
"2022-02-14",222785,224699,219558,223268,181.6885
"2022-02-13",223572,226708,222100,222925,58.65581
"2022-02-12",224287,227861,221171,223442,90.95029
"2022-02-11",229550,231351,221671,224445,267.51696
"2022-02-10",233630,239509,227851,229585,360.45166
"2022-02-09",233595,236278,228801,233783,226.19168
"2022-02-08",232851,241181,226543,233556,309.60975
"2022-02-07",227468,236600,223196,232633,279.2589
"2022-02-06",222387,228855,220900,227416,105.58972
"2022-02-05",222700,225100,220132,222535,165.3531
"2022-02-04",198920,223558,197412,222532,303.06318
"2022-02-03",196078,199034,192998,198700,201.57947
"2022-02-02",205495,206301,194650,196119,235.04209
"2022-02-01",205380,208687,203001,205436,253.39438
"2022-01-31",205980,206903,199360,205563,256.60251
"2022-01-30",207053,208000,203110,205989,77.75505
"2022-01-29",204447,210005,202874,207129,160.13675
"2022-01-28",202818,205952,196853,204459,242.99411
"2022-01-27",202452,203865,193790,202883,317.6622
"2022-01-26",203796,211900,199408,202294,396.15695
"2022-01-25",203344,206500,198341,203603,297.12269
"2022-01-24",200297,208700,182280,203538,462.204487
"2022-01-23",193997,201500,191320,200332,168.51754
"2022-01-22",200955,203091,187636,193970,439.79941
"2022-01-21",223067,225329,196207,201243,468.91983
"2022-01-20",229379,237185,222480,223103,206.21275
"2022-01-19",237451,238180,228535,229302,178.69234
"2022-01-18",235087,238888,229930,237617,149.00381
"2022-01-17",240930,241389,231579,235095,161.8078
"2022-01-16",240787,242845,238254,240932,56.54909
"2022-01-15",240200,244366,237882,240790,73.61198
"2022-01-14",237768,242299,232793,240222,147.46693
"2022-01-13",245191,247199,236500,237804,153.0149
"2022-01-12",240816,247383,239101,245374,173.79958
"2022-01-11",238815,243362,234498,240702,194.44573
"2022-01-10",238357,240300,227000,238772,320.2665
"2022-01-09",237742,243795,235000,238510,69.24601
"2022-01-08",236394,241179,231269,237640,132.79731
"2022-01-07",247419,247585,232300,236447,257.34872
"2022-01-06",250564,252796,245377,247430,291.89434
"2022-01-05",261954,268206,246591,250564,329.88205
"2022-01-04",264505,269269,260213,261969,213.13697
"2022-01-03",266571,268100,260258,264513,157.2263
"2022-01-02",268897,270307,263260,266630,77.81297
"2022-01-01",260570,270044,260544,268897,67.21252
"2021-12-31",265634,273059,257721,260593,151.47185
"2021-12-30",266975,280000,263500,265750,245.1526
"2021-12-29",270357,274941,264773,266975,175.65756
"2021-12-28",288339,288339,269171,270226,198.00528
"2021-12-27",290189,295785,287534,288378,161.01858
"2021-12-26",288492,292796,283013,290188,89.5903
"2021-12-25",290259,292315,286977,288356,80.8654
"2021-12-24",289592,296137,288732,290144,184.33886
"2021-12-23",277024,292132,274000,289531,235.4627
"2021-12-22",280500,283946,276870,277147,179.41989
"2021-12-21",269052,283214,267501,280520,289.05062
"2021-12-20",267093,272556,261100,268895,314.17007
"2021-12-19",267453,274769,261000,267103,125.34728
"2021-12-18",262968,269499,259301,267452,192.03441
"2021-12-17",273412,275335,260000,262968,405.17512
"2021-12-16",279294,283007,272432,273406,205.7936
"2021-12-15",276342,283949,267562,279309,276.32724
"2021-12-14",267644,278461,265000,276474,217.80902
"2021-12-13",283587,284312,261784,267626,299.05127
"2021-12-12",279639,287223,275800,283523,118.43177
"2021-12-11",267706,283000,265000,279662,145.34497
"2021-12-10",269098,281617,266193,267382,241.83696
"2021-12-09",283308,284663,267310,269257,256.99604
"2021-12-08",285741,288499,276054,283060,288.77193
"2021-12-07",290170,296305,282399,285478,235.80418
"2021-12-06",283675,292518,270949,290056,299.9613
"2021-12-05",283443,286900,274820,283748,184.72893
"2021-12-04",307712,309146,246101,283560,607.4869
"2021-12-03",322329,326999,298560,307857,318.48825
"2021-12-02",327616,327998,318225,322296,239.46243
"2021-12-01",323561,334395,320825,327616,279.71001
"2021-11-30",327714,333432,316672,323454,284.98617
"2021-11-29",324920,332952,320564,327891,212.34561
"2021-11-28",311447,325711,304334,324906,115.08806
"2021-11-27",305419,314900,304908,311503,109.99974
"2021-11-26",333500,334600,280000,305653,497.4958
"2021-11-25",324601,335499,323806,333410,265.58528
"2021-11-24",326243,326893,316400,324470,268.73689
"2021-11-23",319149,328734,314000,326041,254.46779
"2021-11-22",333735,334500,315612,319150,268.97058
"2021-11-21",339138,341113,332659,333811,102.46947
"2021-11-20",329169,339783,326767,339084,151.7092
"2021-11-19",321252,329492,314003,329119,360.25356
"2021-11-18",337045,340681,317695,321252,429.0225
"2021-11-17",335435,339998,327052,337047,363.73342
"2021-11-16",352446,352668,328580,335535,694.12264
"2021-11-15",361700,364991,351706,352446,189.48583
"2021-11-14",356644,361716,352250,361606,129.51966
"2021-11-13",354489,359460,350839,356600,157.31333
"2021-11-12",355540,358779,342546,354471,371.71615
"2021-11-11",362472,366000,354639,355541,336.94778
"2021-11-10",372043,379772,355500,362513,493.99766
"2021-11-09",376581,380870,366397,372048,406.344832
"2021-11-08",355024,379794,355024,376520,552.331542
"2021-11-07",345710,355071,345002,355023,191.37119
"2021-11-06",342834,346195,337858,345692,210.13514
"2021-11-05",348246,354452,339218,342868,397.77205
"2021-11-04",354043,354953,343001,348246,388.07626
"2021-11-03",360526,362179,343901,353906,368.35652
"2021-11-02",349259,367000,347521,360415,349.74169
"2021-11-01",349925,354936,340186,349086,334.9711
"2021-10-31",352577,355072,343169,349930,260.47347
"2021-10-30",354855,355381,347547,352560,269.27228
"2021-10-29",344767,357829,342593,354800,517.46503
"2021-10-28",329076,353296,326742,344778,632.80253
"2021-10-27",339371,344895,328500,328916,785.8549
"2021-10-26",353634,355000,337659,339252,475.16479
"2021-10-25",346316,359124,345289,353634,412.03327
"2021-10-24",348495,349422,339899,346194,297.99429
"2021-10-23",345006,351244,340000,348457,213.3658
"2021-10-22",352662,363756,341797,344913,550.19626
"2021-10-21",369649,371867,351200,352647,735.96991
"2021-10-20",359177,373000,355290,369749,687.51939
"2021-10-19",343456,360005,341788,359206,591.462821
"2021-10-18",339168,346415,332452,343483,462.188382
"2021-10-17",336052,339904,326400,339195,222.46986
"2021-10-16",339936,343000,332354,335905,260.3174
"2021-10-15",319255,345168,317850,339885,726.497934
"2021-10-14",318717,323501,316078,319255,445.503563
"2021-10-13",312989,321368,303969,318883,494.4347
"2021-10-12",320757,321221,302150,313011,352.66794
"2021-10-11",304045,322333,302735,320757,346.057895
"2021-10-10",304004,312200,300568,303972,228.170523
"2021-10-09",299856,306480,298501,304002,147.15413
"2021-10-08",297237,307310,295843,299624,404.281044
"2021-10-07",303981,303981,293900,297065,411.5344
"2021-10-06",282333,305999,276249,303990,641.624805
"2021-10-05",267582,284589,266615,282548,474.474304
"2021-10-04",258067,269000,253900,267531,394.23762
"2021-10-03",255863,263000,252687,258376,169.17803
"2021-10-02",258064,258398,253901,255985,145.81575
"2021-10-01",238397,260064,235043,258066,448.73094
"2021-09-30",227323,240138,226727,238201,317.24544
"2021-09-29",224358,231450,223094,227361,223.926
"2021-09-28",228526,231480,223801,224191,230.74362
"2021-09-27",232437,237747,228201,228403,190.28615
"2021-09-26",230400,236413,220457,232507,147.24809
"2021-09-25",230642,231457,224727,230414,117.11179
"2021-09-24",239446,242266,219251,230666,329.6313
"2021-09-23",233091,240310,230569,239541,224.90197
"2021-09-22",216822,233900,215948,233091,243.34091
"2021-09-21",230907,234426,211574,216687,420.478443
"2021-09-20",251246,251621,229000,231134,362.46125
"2021-09-19",256698,257316,249355,251219,108.13575
"2021-09-18",252198,258818,251234,256800,158.08175
"2021-09-17",252513,254375,249393,252194,201.34025
"2021-09-16",252524,254649,248567,252513,195.95064
"2021-09-15",248132,255240,245854,252533,261.47143
"2021-09-14",235302,248980,233862,248164,458.52002
"2021-09-13",244343,247249,230001,235304,586.881215
"2021-09-12",240278,246400,238218,244300,133.03312
"2021-09-11",238798,244490,237834,240151,132.16305
"2021-09-10",244674,247500,235457,238614,503.72457
"2021-09-09",245436,250989,243000,244926,401.43445
"2021-09-08",248498,250499,233734,245441,614.50303
"2021-09-07",274548,276261,230221,248500,678.649572
"2021-09-06",269300,275000,265701,274554,414.94237
"2021-09-05",260902,270881,258800,269300,196.094467
"2021-09-04",260745,263000,258363,260994,169.50974
"2021-09-03",256924,265000,252293,260731,451.614963
"2021-09-02",253500,261448,252317,256800,391.032701
"2021-09-01",245634,254560,242717,253500,266.920325
"2021-08-31",246375,251597,243590,245700,350.619971
"2021-08-30",254963,255839,245998,246258,416.98234
"2021-08-29",256378,259969,250593,254763,164.07191
"2021-08-28",256321,257143,252916,256341,124.436481
"2021-08-27",248834,256427,246399,256268,703.109282
"2021-08-26",257948,259797,244896,249027,408.547427
"2021-08-25",253287,259475,250397,258017,307.641469
"2021-08-24",268999,270575,253000,253289,428.516743
"2021-08-23",266507,272741,265743,269037,291.380924
"2021-08-22",265074,267972,261685,266483,163.531127
"2021-08-21",266399,268999,260600,265440,196.459229
"2021-08-20",252247,266468,251609,266328,411.093204
"2021-08-19",242000,253320,238701,252589,395.801118
"2021-08-18",238868,246890,236712,241900,267.620134
"2021-08-17",243501,249294,237093,239281,311.237038
"2021-08-16",248114,252963,242626,243500,325.882502
"2021-08-15",248986,250349,241636,248054,189.521789
"2021-08-14",252152,253173,244000,248774,225.164218
"2021-08-13",235379,252498,233821,252204,398.074913
"2021-08-12",240401,243796,231004,235236,408.214294
"2021-08-11",238547,245449,237853,240500,331.31028
"2021-08-10",243655,245386,234373,238425,361.350633
"2021-08-09",230898,245200,225038,243655,506.012791
"2021-08-08",234452,238221,228300,230842,341.400211
"2021-08-07",224734,235106,223389,234452,457.200126
"2021-08-06",214298,226448,209286,224694,524.880534
"2021-08-05",207081,216025,194836,214203,683.250251
"2021-08-04",200087,208797,196700,206982,433.86515
"2021-08-03",204198,206938,197379,200032,334.896099
"2021-08-02",208015,210481,202092,204221,311.68898
"2021-08-01",216336,220850,206531,207840,251.613372
"2021-07-31",220202,220800,213834,216022,218.449077
"2021-07-30",204489,220513,196501,219921,567.754111
"2021-07-29",206832,209540,201338,204388,248.381951
"2021-07-28",205557,211600,202364,206500,563.836462
"2021-07-27",194588,205728,189590,205349,410.807911
"2021-07-26",184128,210000,183365,194340,954.237538
"2021-07-25",179307,184351,173501,184267,260.180719
"2021-07-24",176041,179999,173893,179300,294.766922
"2021-07-23",170010,176053,166883,175898,397.252897
"2021-07-22",168500,170895,165714,169857,371.756585
"2021-07-21",156910,171850,155374,168499,625.357865
"2021-07-20",163054,163997,155062,156869,354.493487
"2021-07-19",164443,164707,159400,163056,277.225924
"2021-07-18",163115,167346,161200,164442,131.310028
"2021-07-17",162704,165230,161411,163000,112.174255
"2021-07-16",164666,165646,160408,162672,364.127722
"2021-07-15",168248,169887,160733,164500,365.375022
"2021-07-14",170930,171318,165079,168250,455.718691
"2021-07-13",173146,174128,168436,170930,369.634529
"2021-07-12",180838,182877,171000,173071,411.945559
"2021-07-11",178033,182768,177063,180738,168.272818
"2021-07-10",179000,181338,175810,178035,161.833814
"2021-07-09",175000,181000,172001,179000,309.111891
"2021-07-08",178591,178983,170765,174997,524.970125
"2021-07-07",178391,183554,177020,178592,599.26728
"2021-07-06",173882,179000,172663,178403,433.629011
"2021-07-05",178927,178927,169000,173709,447.091932
"2021-07-04",175849,182114,174681,178929,211.892331
"2021-07-03",171700,177065,169501,176000,199.11974
"2021-07-02",170280,172828,166500,171592,417.889333
"2021-07-01",175851,175956,166100,170342,396.541142
"2021-06-30",178800,179888,171336,175718,453.598125
"2021-06-29",171226,181500,169900,178712,524.89171
"2021-06-28",172000,174804,168181,171235,484.564131
"2021-06-27",161376,172443,160059,171951,301.849883
"2021-06-26",158466,163250,151151,161319,351.457489
"2021-06-25",172028,175799,156801,158467,682.427317
"2021-06-24",169234,174099,162400,172029,387.58028
"2021-06-23",163333,177000,159510,169169,555.084154
"2021-06-22",160890,169364,145000,163318,829.599355
"2021-06-21",183327,184000,159301,160917,723.813265
"2021-06-20",183146,186220,172850,183349,278.850889
"2021-06-19",183892,187461,179346,183116,234.431134
"2021-06-18",192143,193197,179674,184153,503.290775
"2021-06-17",195669,201595,189665,191955,359.622431
"2021-06-16",204044,205794,194032,195671,459.781247
"2021-06-15",206887,209898,201388,204046,487.581287
"2021-06-14",199698,210000,197768,206897,537.22703
"2021-06-13",183497,201240,179900,199441,359.549766
"2021-06-12",192799,193500,179111,183577,199.217465
"2021-06-11",187248,193590,183629,192579,285.638594
"2021-06-10",191000,195901,183364,187247,455.376978
"2021-06-09",170023,191791,164745,190945,507.193423
"2021-06-08",171546,173876,157802,169876,539.978929
"2021-06-07",182423,187260,170495,171582,380.171693
"2021-06-06",181242,185306,179429,182214,95.345831
"2021-06-05",187216,191000,177778,181242,242.896159
"2021-06-04",199411,199588,182624,186966,373.465142
"2021-06-03",192098,199400,190501,199400,235.472964
"2021-06-02",190202,195717,186249,192089,278.613673
"2021-06-01",195447,198465,185571,190204,377.34129
"2021-05-31",188278,196776,180282,195402,464.534914
"2021-05-30",182731,192127,176727,188236,267.17854
"2021-05-29",188618,196773,178186,182653,453.327655
"2021-05-28",203773,205598,183471,188503,774.234213
"2021-05-27",210262,215500,199414,203358,469.309266
"2021-05-26",206292,217617,203047,210331,586.863431
"2021-05-25",208965,214093,196358,206100,575.031429
"2021-05-24",189856,214291,188008,208850,694.676775
"2021-05-23",204168,208091,173177,189677,975.528399
"2021-05-22",203422,211270,192222,204085,756.066929
"2021-05-21",217983,226213,185270,203146,1109.022735
"2021-05-20",200044,231400,192047,217806,1892.249864
"2021-05-19",228077,231584,162999,199700,2888.958145
"2021-05-18",232070,243851,225301,228075,617.442829
"2021-05-17",247908,248999,223455,232013,674.347502
"2021-05-16",250173,263960,234758,247882,412.25508
"2021-05-15",265258,269262,249001,250274,327.540035
"2021-05-14",265830,274191,260711,265024,357.31617
"2021-05-13",266495,273760,249000,265831,769.683213
"2021-05-12",298346,304200,262158,266397,488.819333
"2021-05-11",297094,300500,290561,298153,363.710015
"2021-05-10",308374,314329,286284,297094,495.388102
"2021-05-09",312645,313975,300542,308443,262.561907
"2021-05-08",304129,314797,302290,312688,237.996365
"2021-05-07",301380,308376,296000,304129,351.832994
"2021-05-06",310650,313365,295887,301380,373.047504
"2021-05-05",294000,314452,292892,310649,404.605666
"2021-05-04",314402,314776,292504,294299,562.762815
"2021-05-03",310692,322503,310360,314465,322.333152
"2021-05-02",317769,318200,307401,310752,145.100007
"2021-05-01",315934,320715,313480,317708,193.838431
"2021-04-30",288682,316913,286005,315831,313.924842
"2021-04-29",295713,297700,282716,288639,271.159097
"2021-04-28",302506,306164,292129,295530,294.462085
"2021-04-27",295796,304889,291617,302507,271.793049
"2021-04-26",272145,298888,270921,295796,401.474669
"2021-04-25",278165,280500,261397,272145,211.1958
"2021-04-24",283902,284302,270701,278172,235.915043
"2021-04-23",286145,287109,264289,283903,647.875009
"2021-04-22",303721,309621,277232,286001,605.830481
"2021-04-21",319262,320474,302888,303722,230.003004
"2021-04-20",314308,322000,301002,319262,351.247171
"2021-04-19",320400,327863,306869,314308,371.164724
"2021-04-18",343312,345000,297000,320463,537.052205
"2021-04-17",349112,355000,341915,343258,169.645078
"2021-04-16",360739,363477,345000,349112,456.522569
"2021-04-15",361587,364000,355105,360685,332.69537
"2021-04-14",368798,375418,352785,361475,465.645532
"2021-04-13",345488,368968,345166,368798,397.763323
"2021-04-12",343498,347864,340000,345499,234.522584
"2021-04-11",341921,345200,337265,343221,140.215762
"2021-04-10",332461,346671,332125,341636,239.503623
"2021-04-09",327494,335000,324147,332449,157.400519
"2021-04-08",317738,327796,316542,327494,181.229442
"2021-04-07",328655,331200,315265,317936,300.47374
"2021-04-06",337485,339654,326313,328657,245.950839
"2021-04-05",337418,339093,330128,337447,197.10595
"2021-04-04",332809,338597,328095,337412,82.795955
"2021-04-03",339647,342116,331500,332818,126.15262
"2021-04-02",338489,344298,336568,339647,148.462327
"2021-04-01",334670,339779,330407,338489,175.863474
"2021-03-31",339499,343806,330100,334425,253.420333
"2021-03-30",332501,341768,330323,339500,241.64381
"2021-03-29",321242,337900,316296,332768,379.043522
"2021-03-28",321637,324346,316009,321039,103.81696
"2021-03-27",318575,325000,312901,321764,167.568357
"2021-03-26",293860,318604,293200,318579,211.89008
"2021-03-25",299563,302978,288502,293437,248.964718
"2021-03-24",304193,318778,295002,299572,210.979494
"2021-03-23",303155,310000,296252,304195,187.092258
"2021-03-22",321000,325549,301502,303155,207.952161
"2021-03-21",323700,326996,313100,321000,154.333623
"2021-03-20",323256,331000,322200,323803,124.15081
"2021-03-19",324342,330573,317871,323267,195.069153
"2021-03-18",330772,335000,320405,324342,266.132316
"2021-03-17",322222,331244,309832,330772,228.567251
"2021-03-16",317383,322436,305262,322326,247.643309
"2021-03-15",333880,344150,313000,317705,299.797613
"2021-03-14",343470,345300,333861,333982,118.351607
"2021-03-13",320847,346263,317000,343198,210.306059
"2021-03-12",322300,323600,310245,320848,264.012252
"2021-03-11",319982,323750,312142,322079,228.451624
"2021-03-10",318210,327886,308500,319982,279.735911
"2021-03-09",303500,319500,300665,318596,219.085445
"2021-03-08",289458,303500,280970,303500,214.593032
"2021-03-07",280000,291899,279950,288621,87.052585
"2021-03-06",279696,282000,271285,279999,55.156071
"2021-03-05",277237,283451,266390,279491,162.766502
"2021-03-04",285401,293100,271140,277237,210.803235
"2021-03-03",277000,299600,275353,285401,263.999333
"2021-03-02",281490,284121,269332,277000,171.703713
"2021-03-01",257538,282000,256447,281400,201.984432
"2021-02-28",263099,265600,246517,257551,185.12634
"2021-02-27",262267,271690,257000,263083,168.93409
"2021-02-26",264501,271690,251000,262320,344.79807
"2021-02-25",273577,284736,262651,265018,225.223274
"2021-02-24",271544,285708,262101,273459,273.260049
"2021-02-23",301812,302000,254000,271544,504.633164
"2021-02-22",316762,317206,265400,301195,447.289
"2021-02-21",308031,319000,305913,316779,150.987183
"2021-02-20",305400,315000,298131,308019,200.223915
"2021-02-19",283925,306999,280500,305400,264.383844
"2021-02-18",285648,287642,279435,283927,173.698596
"2021-02-17",267097,286973,266000,285619,199.089027
"2021-02-16",261933,274453,258430,266875,147.88079
"2021-02-15",265511,267145,253500,262025,151.206218
"2021-02-14",257245,269000,256376,265498,151.275527
"2021-02-13",257373,260300,253045,257291,116.364321
"2021-02-12",260654,264524,252022,257596,173.847057
"2021-02-11",243885,263199,240000,260123,234.392106
"2021-02-10",252510,255200,238385,243942,252.282313
"2021-02-09",247031,257171,242236,252512,298.316806
"2021-02-08",211841,249212,207446,247248,428.283693
"2021-02-07",212614,215000,203977,212059,158.079779
"2021-02-06",207499,222621,206850,212614,248.337371
"2021-02-05",201874,208080,200183,207490,184.838668
"2021-02-04",202509,207506,197471,202021,269.663438
"2021-02-03",191535,202713,191120,202664,230.203629
"2021-02-02",184149,193917,183340,191540,207.249538
"2021-02-01",182546,189700,179057,184276,179.155693
"2021-01-31",187500,188000,178908,182546,89.018535
"2021-01-30",188300,191806,181202,187447,83.973878
"2021-01-29",182181,207632,173607,188300,469.272083
"2021-01-28",166425,184200,164285,182044,170.846268
"2021-01-27",175669,175774,160001,166567,242.223796
"2021-01-26",178570,181498,169128,175525,201.161652
"2021-01-25",177621,191348,176000,178696,181.622241
"2021-01-24",177289,181483,171438,177459,83.58348
"2021-01-23",181219,183206,174000,177319,105.12443
"2021-01-22",167340,186000,155000,181268,361.67764
"2021-01-21",189203,189908,163651,167696,399.114605
"2021-01-20",193797,196125,180000,189367,233.557084
"2021-01-19",194691,201000,193021,193900,156.304237
"2021-01-18",191912,198600,186819,194756,131.56934
"2021-01-17",194236,196869,185000,191912,128.615712
"2021-01-16",197757,202124,190633,194270,99.874776
"2021-01-15",205900,207684,184563,197976,263.333136
"2021-01-14",198827,211899,196299,206134,240.054351
"2021-01-13",183868,200600,177000,198819,239.846313
"2021-01-12",199160,203999,180375,184137,319.940827
"2021-01-11",209415,209822,168112,199020,622.93666
"2021-01-10",220504,224900,188500,209390,207.1316
"2021-01-09",223113,225333,213593,220612,145.876597
"2021-01-08",216160,228045,200150,222915,309.597805
"2021-01-07",196752,222813,194600,215874,362.247611
"2021-01-06",179990,197555,177210,196635,282.032123
"2021-01-05",169825,182966,159769,179972,229.906169
"2021-01-04",173504,175981,150000,169820,245.309328
"2021-01-03",168885,180925,167897,173503,172.847918
"2021-01-02",153478,173900,152171,168784,187.818367
"2021-01-01",152056,154167,150911,153480,58.948617
"2020-12-31",151605,153360,147190,151825,99.347899
"2020-12-30",143085,151784,142600,151664,156.57296
"2020-12-29",143425,143445,137338,142980,122.59611
"2020-12-28",138357,144680,137455,143325,119.25797
"2020-12-27",139329,149500,130000,138343,139.800706
"2020-12-26",129128,141000,127600,139329,98.306168
"2020-12-25",124100,129785,122610,129140,71.414239
"2020-12-24",122392,124254,119800,124108,61.468056
"2020-12-23",122880,124554,119012,122551,113.417999
"2020-12-22",117639,122953,115507,122925,74.698938
"2020-12-21",119974,122297,114633,117651,97.278315
"2020-12-20",121176,122921,117566,120002,68.19353
"2020-12-19",117718,122660,116300,121176,53.936189
"2020-12-18",115099,117939,113434,117634,83.805699
"2020-12-17",107761,118811,106520,115047,193.683103
"2020-12-16",99322,108900,98700,107994,148.700367
"2020-12-15",98700,1e+05,97670,99332,52.879379
"2020-12-14",97500,99000,96200,98700,49.087584
"2020-12-13",96078,98927,95803,97543,27.697344
"2020-12-12",92135,96788,91893,96052,38.107519
"2020-12-11",92969,92969,89476,92042,87.534569
"2020-12-10",96799,96807,92200,92947,85.130334
"2020-12-09",94894,97124,91378,96684,56.749379
"2020-12-08",98570,98794,94329,95079,65.268746
"2020-12-07",100177,100400,97100,98679,41.281014
"2020-12-06",99435,100373,98060,100126,22.360007
"2020-12-05",96971,99500,96395,99497,17.706703
"2020-12-04",100550,101050,96624,97088,90.452873
"2020-12-03",100612,102142,99401,100561,63.529468
"2020-12-02",99115,101499,97273,100555,76.535314
"2020-12-01",104932,105500,96913,99124,101.918485
"2020-11-30",98200,106251,98200,104999,82.114522
"2020-11-29",95971,99000,94942,98066,26.267791
"2020-11-28",92912,96550,91307,95887,32.517919
"2020-11-27",93482,94929,89003,92867,114.060083
"2020-11-26",100599,101841,80000,93482,212.303425
"2020-11-25",104469,105426,99999,100805,75.893256
"2020-11-24",100553,106089,98750,104504,84.170582
"2020-11-23",99941,102000,98181,100572,46.39791
"2020-11-22",100862,101409,96230,100074,28.566044
"2020-11-21",100700,101935,99445,100870,21.162159
"2020-11-20",95670,101407,95268,100700,48.565317
"2020-11-19",96221,97500,93865,95655,48.712126
"2020-11-18",94925,99151,92000,96031,110.75342
"2020-11-17",91030,96439,90250,94965,87.253409
"2020-11-16",88231,92182,87787,90963,39.068688
"2020-11-15",88947,89267,87382,88394,10.783433
"2020-11-14",89966,90050,87325,88932,19.202403
"2020-11-13",89341,90236,87595,90032,55.072808
"2020-11-12",86379,89991,85040,89292,54.693562
"2020-11-11",85483,89300,84817,86315,106.969211
"2020-11-10",83821,88000,83009,85337,64.760007
"2020-11-09",84351,86256,80439,83858,64.395561
"2020-11-08",80907,85334,80295,84488,25.459966
"2020-11-07",84981,85962,78164,80929,55.008206
"2020-11-06",87644,89646,83145,85124,48.722777
"2020-11-05",81191,88229,80929,87587,57.83197
"2020-11-04",81511,81733,78800,81197,25.915073
"2020-11-03",78865,81769,77296,81400,23.562322
"2020-11-02",79992,80346,76771,78730,11.350811
"2020-11-01",80132,80683,79308,79875,8.675342
"2020-10-31",78804,81693,78158,80237,26.458667
"2020-10-30",78620,79800,76704,78820,24.466124
"2020-10-29",77145,79609,75776,78624,22.791691
"2020-10-28",78520,79884,75000,77186,29.312422
"2020-10-27",74348,79610,74324,78649,28.274538
"2020-10-26",73791,75437,72850,74396,26.827698
"2020-10-25",74370,75675,73230,73985,14.326097
"2020-10-24",73284,74656,73106,74377,12.191321
"2020-10-23",72856,73590,72139,73395,17.475821
"2020-10-22",72600,74336,71866,73136,28.977222
"2020-10-21",67585,74836,67542,72600,46.838386
"2020-10-20",66703,67873,66398,67574,12.395854
"2020-10-19",65772,66865,65112,66642,13.220203
"2020-10-18",64867,65667,64867,65667,5.881325
"2020-10-17",64600,65025,64418,64665,1.891715
"2020-10-16",65334,65560,63650,64750,9.181026
"2020-10-15",64068,65764,63505,65314,10.530935
"2020-10-14",63920,64314,62677,64068,7.02546
"2020-10-13",63606,64059,46208,63921,2.876073
